<assembly
        xmlns="http://maven.apache.org/plugins/maven-assembly-plugin/assembly/1.1.3"
        xmlns:xsi="http://www.w3.org/2001/XMLSchema-instance"
        xsi:schemaLocation="http://maven.apache.org/plugins/maven-assembly-plugin/assembly/1.1.3 http://maven.apache.org/xsd/assembly-1.1.3.xsd">
    <!--必填,会追加到打包文件名称的末尾-->
    <id>1.0</id>
    <!--打包类型,可以设置多种类型,打包的时候不同的类型都会打包打出来-->
    <formats>
        <format>tar.gz</format>
        <!--<format>zip</format>-->
    </formats>
    <!--第三方依赖设置-->
    <dependencySets>
        <dependencySet>
            <!--使用项目中的artifact,第三方包打包进tar.gz文件的lib目录下-->
            <useProjectArtifact>true</useProjectArtifact>
            <outputDirectory>lib</outputDirectory>
        </dependencySet>
    </dependencySets>

    <!--文件相关设置-->
    <fileSets>
        <!--src/main/assembly/bin文件下的所有脚本文件输出到打包后的bin目录下-->
        <fileSet>
            <directory>src/main/resources/assembly/bin</directory>
            <outputDirectory>bin</outputDirectory>
            <!--
            权限设置:
             0755->即用户具有读/写/执行权限，组用户和其它用户具有读写权限；
               0644->即用户具有读写权限，组用户和其它用户具有只读权限；
            -->
            <fileMode>0755</fileMode>
            <lineEnding>unix</lineEnding>
            <filtered>true</filtered>
        </fileSet>

        <!-- src/main/resources/config目录下配置文件打包到config目录下 -->
        <fileSet>
            <directory>src/main/resources</directory>
            <includes>
                <include>application.properties</include>
                <include>application-${profile.env}.properties</include>
            </includes>
            <filtered>true</filtered>
            <outputDirectory>${file.separator}config</outputDirectory>
        </fileSet>

        <!-- 将target目录下的启动jar打包到目录下-->
        <fileSet>
            <directory>target</directory>
            <outputDirectory>/</outputDirectory>
            <includes>
                <include>*.jar</include>
            </includes>
        </fileSet>
    </fileSets>
</assembly>
